{
    "1": {
        "0": [
            0.8950661957263947,
            0.00908095094782766,
            0.007239034470694605,
            0.017891207749198657,
            0.009761618968332187,
            0.013463274562673178,
            0.005385551565268543,
            0.005748663143458543,
            0.0025866901960398536,
            0.017864088670467026
        ],
        "1": [
            0.8580379396677017,
            0.01161202507209964,
            0.007163831032812595,
            0.020908130891621114,
            0.010037936246953904,
            0.009232460052589885,
            0.005728815341717564,
            0.00832684659108054,
            0.0028149365927674806,
            0.009814448389806784
        ],
        "2": [
            0.7037541041523218,
            0.01916716946521774,
            0.0163875646024826,
            0.052397397698368875,
            0.01634462142479606,
            0.017061252715357113,
            0.016621393116074613,
            0.023751374158891846,
            0.012303629944799468,
            0.016010855644126423
        ],
        "3": [
            0.38310184687376014,
            0.04825846938707402,
            0.048510732416762056,
            0.08148872602847407,
            0.04418545469758102,
            0.04605116234393792,
            0.04524380338494667,
            0.06665691342437642,
            0.03766357420186979,
            0.04036038476275281
        ],
        "4": [
            0.1092583986371756,
            0.09097139522433287,
            0.1057305072806776,
            0.11724596111103891,
            0.09255743021145468,
            0.09493947945535189,
            0.09345673317089682,
            0.0961295036040247,
            0.0864279531082139,
            0.08639977443031972
        ]
    },
    "10": {
        "0": [
            0.0040705795225221665,
            0.005469640986411832,
            0.004224683195352554,
            0.020508752441965043,
            0.0026599992939736693,
            0.01241003793431446,
            0.0027482271916233003,
            0.006842579990334343,
            0.018801471246406437,
            0.915506981909275
        ],
        "1": [
            0.031425012839026746,
            0.025661809105076826,
            0.008244602992926958,
            0.02890716454014182,
            0.00678272966935765,
            0.021695541408116695,
            0.005242425817123149,
            0.03609022043638106,
            0.0642290195771784,
            0.742247152668424
        ],
        "2": [
            0.04531743407738395,
            0.11925304556521586,
            0.017494644845370205,
            0.04129707770561799,
            0.01571131919839536,
            0.030008223335258665,
            0.013493832814507188,
            0.09140156851755454,
            0.05455554817564552,
            0.5172617757054977
        ],
        "3": [
            0.15661805991409344,
            0.1536536974061746,
            0.050343037007609386,
            0.05700602357689059,
            0.03619809974078089,
            0.033535454857687004,
            0.040835299519589176,
            0.13159734788276545,
            0.034502618189202625,
            0.20122019074019043
        ],
        "4": [
            0.13256250834558153,
            0.11782015467353622,
            0.06671571678714822,
            0.10275257197266903,
            0.055675342761678584,
            0.0467002897162456,
            0.09282399932388209,
            0.16690359952335704,
            0.03669987954723185,
            0.05176452994463032
        ]
    },
    "2": {
        "0": [
            0.0008650975897277628,
            0.9689442733923594,
            0.002631788968089192,
            0.0005774175814925304,
            0.003518656279387263,
            0.0006327492408672696,
            0.007145076707577876,
            0.009767926633746054,
            0.0013424752083665225,
            0.0014728893916374848
        ],
        "1": [
            0.0017726192807458574,
            0.844085871547577,
            0.031593382725259286,
            0.0012238614974800536,
            0.004254966074464998,
            0.0008698937172691028,
            0.05950187748737032,
            0.03402830176977053,
            0.002661470236247017,
            0.002039910468799159
        ],
        "2": [
            0.0020080133797212812,
            0.7234922451083549,
            0.013223785761510953,
            0.0012310224463969158,
            0.004552952920009071,
            0.0012212713866271466,
            0.15477974666840358,
            0.0705194706126349,
            0.0037539823851451123,
            0.0020418528374041975
        ],
        "3": [
            0.0028592055808985607,
            0.6555054161236815,
            0.055415319070258796,
            0.002101452083904102,
            0.007810298983046474,
            0.0022837310843897285,
            0.0851092038069813,
            0.14545423704548738,
            0.003726486068868932,
            0.002790473823976451
        ],
        "4": [
            0.005832157391123473,
            0.5451786601667603,
            0.018275169242794317,
            0.005403774075869781,
            0.013292032509731749,
            0.0056989403911090145,
            0.14566244370304046,
            0.17849910410431524,
            0.005951497731342291,
            0.006077056787908077
        ]
    },
    "3": {
        "0": [
            0.0020736368668116886,
            0.0026116382502449497,
            0.8924715121587118,
            0.005426783182580645,
            0.003582942302293506,
            0.008332617247166734,
            0.007233130047421178,
            0.06494700568792824,
            0.0016955240342617294,
            0.003406236845532678
        ],
        "1": [
            0.0020772838329624695,
            0.009816270675704194,
            0.8010757096887876,
            0.004067719896395121,
            0.0028257225384651164,
            0.006950647168559953,
            0.013042472865749409,
            0.12288835659888314,
            0.0021774792526331214,
            0.002345106060965918
        ],
        "2": [
            0.00903442176802653,
            0.01193806063432324,
            0.6974905264874299,
            0.0097671784790388,
            0.010528893591577394,
            0.014842330057419733,
            0.0190870734329413,
            0.11722534252977411,
            0.007563472144991263,
            0.007191535044775163
        ],
        "3": [
            0.01805449477144672,
            0.062316639640695136,
            0.5518118783790205,
            0.017689499878324567,
            0.033986368859510147,
            0.02388821823186138,
            0.05902446495576038,
            0.0983902412968584,
            0.013666720545152201,
            0.012844527041452237
        ],
        "4": [
            0.03964197340731821,
            0.098197519903705,
            0.2841263546711869,
            0.03544307286049137,
            0.06721555041666658,
            0.0441394064601304,
            0.15749430132305448,
            0.08875660576547181,
            0.032032502206533954,
            0.030556485606616172
        ]
    },
    "4": {
        "0": [
            0.0015700052523849688,
            0.0004606726456889495,
            0.0018825750339601655,
            0.9771400650342306,
            0.0003839203999329281,
            0.011792531023578098,
            0.00042634604057335915,
            0.0007108356998893821,
            0.00041272855996794534,
            0.003671994368293478
        ],